INSERT INTO BOOKS 
VALUES( '45672144889016' , 'introduction to the theory and practice of artificial intelligence.' , 'Artificial Intelligence A Modern Approach, 1st Edition' , '19b' ,'Data Science' , 508083 );

INSERT INTO BOOKS 
VALUES('39299330723160' , 'Foundations and Trends(r) in Machine Learning.' , 'Learning Deep Architectures for AI' , '17b' , 'Data Science', 138781 );

INSERT INTO BOOKS 
VALUES( '88310165309943' , 'Learn about increasing the automation level and connecting data directly to decisions and actions.' , 'The LION Way: Machine Learning plus Intelligent Optimization' ,'8a' , 'Data Science' , 886004 );

INSERT INTO BOOKS 
VALUES( '22151469163433' , 'provides an historically-informed overview through a wide range of topics, from the evolution of commodity supercomputing and the simplicity of big data technology' , 'Disruptive Possibilities: How Big Data Changes Everything' , '9b' , 'Data Science' , 595560 );

INSERT INTO BOOKS 
VALUES( '69237972651435' , 'Challenging real-world applications where vision is being successfully used, both for specialized applications such as medical imaging, and for fun, consumer-level tasks such as image editing and stitching, which you' , 'Computer Vision' , '19b' , 'Data Science' , 711235 );

INSERT INTO BOOKS 
VALUES('27033637188491' , 'machine learning' , 'A First Encounter with Machine Learning' , '17b' , 'Data Science' , 654908 );

INSERT INTO BOOKS 
VALUES( '78625448991467' , 'This book gives a very quick but still thorough introduction to reinforcement learning, and includes algorithms for quite a few methods. This is everything a graduate student could ask for in a text.' ,'Algorithms for Reinforcement Learning' ,'8a' , 'Data Science' , 138781 );

INSERT INTO BOOKS 
VALUES('85883651825070','A guide to practical data mining, collective intelligence, and building recommendation systems', 'A Programmers Guide to Data Mining' , '8a','Data Science' ,595560 );

INSERT INTO BOOKS 
VALUES('80282193505592' , 'For final-year undergraduates and masters students with limited background in linear algebra and calculus. Comprehensive and coherent, it develops everything from basic reasoning to advanced techniques within' , 'Bayesian Reasoning and Machine Learning' , '18a' , 'Data Science' , 654908 );

INSERT INTO BOOKS 
VALUES('89266014555061' , 'data mining' , 'Data Mining Algorithms In R' , '17b' ,'Data Science' , 508083 );









INSERT INTO LIBRARIANS VALUES(508083 , 'Shaun' , 3500 , 'from 8:00:00 AM to 12:00 PM' , '109-170-3912');
INSERT INTO LIBRARIANS VALUES (138781 , 'Demetria' , 3500 , 'from 12:00:00 PM to 4:00 PM' , '641-951-5018');
INSERT INTO LIBRARIANS VALUES (886004 , 'Alaine' ,  3500 , 'from 8:00:00 AM to 12:00 PM' , '463-857-9569'); 
INSERT INTO LIBRARIANS VALUES (595560 , 'Cathee' , 3500 , 'from 12:00:00 PM to 4:00 PM' , '812-729-7886');
INSERT INTO LIBRARIANS VALUES (711235 , 'Quint' , 3500 , 'From 4:00 PM to 8:00 PM' , '405-393-2646');
INSERT INTO LIBRARIANS VALUES (654908 , 'Rivy' , 3500 , 'From 4:00 PM to 8:00 PM' , '202-729-7922');





INSERT INTO WRITE VALUES('995720608338182','45672144889016');
INSERT INTO WRITE VALUES('330383414591719','39299330723160');
INSERT INTO WRITE VALUES('870614372065111','89266014555061');
INSERT INTO WRITE VALUES('580249133321665','80282193505592');
INSERT INTO WRITE VALUES('994207556371976','45672144889016');
INSERT INTO WRITE VALUES('111085482828409','22151469163433');
INSERT INTO WRITE VALUES('895385219414810','27033637188491');
INSERT INTO WRITE VALUES('456626877746488','22151469163433');
INSERT INTO WRITE VALUES('395159977873330','22151469163433');
INSERT INTO WRITE VALUES('943266965776918','78625448991467');



INSERT INTO WRITERS VALUES('995720608338182','Stuart Russell','elindl0@xing.com','scientist','577-588-5941')
INSERT INTO WRITERS VALUES('330383414591719','Yoshua Bengio','matthow1@issuu.com','scientist','633-539-3624')
INSERT INTO WRITERS VALUES('870614372065111','Roberto Battiti','hpurshouse2@goo.gl','researher','577-588-5941')
INSERT INTO WRITERS VALUES('580249133321665', 'Jeffrey Needham', 'bmalan3@weather.com', 'researher','449-711-9061');
INSERT INTO WRITERS VALUES('994207556371976', 'Richard Szeliski', 'abaumler4@ustream.tv','researher','218-415-6668');
INSERT INTO WRITERS VALUES('111085482828409', 'Max Welling', 'nbabington8@nhs.uk', 'author', '235-280-1608');
INSERT INTO WRITERS VALUES('895385219414810', 'Csaba Szepesvari', 'blinton9@globo.com','scientist', '478-312-9538');
INSERT INTO WRITERS VALUES('456626877746488','Ron Zacharski','ssimesa@prweb.com','scientist','550-695-2464')
INSERT INTO WRITERS VALUES('395159977873330','David Barber','bfallowsb@businessinsider.com','scientist','889-148-9100')
INSERT INTO WRITERS VALUES('943266965776918','Wikibooks','kgladdisc@yolasite.com','researher','306-116-8116')


INSERT INTO PUBLISHING_HOUSES VALUES(9000522 , 'ehumbell0@odnoklassniki.ru' , 'Smitham, Nienow and Schumm' , '692-343-9718');
INSERT INTO PUBLISHING_HOUSES VALUES(5350713 , 'bgremane1@java.com' , 'Dickinson-Purdy' , '972-932-6145');
INSERT INTO PUBLISHING_HOUSES VALUES(6031615 , 'emackowle2@sourceforge.net' , 'Moen and Sons' , '258-419-8417');
INSERT INTO PUBLISHING_HOUSES VALUES(4874083 , 'gparkman3@businessinsider.com' , 'Bashirian Inc' , '872-657-7611');
INSERT INTO PUBLISHING_HOUSES VALUES(4384124  , 'dcatton4@soup.io' , 'Dickinson, Mills and Hagenes' ,  '432-300-4271');
INSERT INTO PUBLISHING_HOUSES VALUES(7709440 , 'lponte5@kickstarter.com' , 'Erdman, Hintz and Feeney' , '579-428-7315');
INSERT INTO PUBLISHING_HOUSES VALUES(4262497  , 'jhourigan6@stanford.edu' , 'Hilpert LLC' , '867-146-3911');
INSERT INTO PUBLISHING_HOUSES VALUES(5513572 , 'varthurs7@github.io' , 'Heathcote, Stark and MacGyver' , '150-952-9018');
INSERT INTO PUBLISHING_HOUSES VALUES(3213459  , 'kcrucetti8@reddit.com' , 'Harber-Torp' , '806-830-1434');
INSERT INTO PUBLISHING_HOUSES VALUES(8252374  , 'kfeatherstonhaugh9@linkedin.com' , 'Walker, Wiza and Nienow'  , '271-531-5719');



INSERT INTO PUBLISH VALUES(8252374 ,'45672144889016')
INSERT INTO PUBLISH VALUES(5350713,'45672144889016') 
INSERT INTO PUBLISH VALUES(5350713,'39299330723160' )
INSERT INTO PUBLISH VALUES(4262497,'45672144889016')
INSERT INTO PUBLISH VALUES(4262497,'78625448991467')
INSERT INTO PUBLISH VALUES(8252374,'39299330723160')
INSERT INTO PUBLISH VALUES(5513572,'88310165309943')
INSERT INTO PUBLISH VALUES(6031615,'45672144889016')
INSERT INTO PUBLISH VALUES(4874083,'78625448991467')
INSERT INTO PUBLISH VALUES(7709440,'45672144889016')


INSERT INTO USERS VALUES(425238065,'jtull0@oracle.com','Jessey Tull','323-454-6229');

INSERT INTO USERS VALUES(368741353,'dbirtley1@cocolog-nifty.com','Donnajean Birtley','774-970-4350');

INSERT INTO USERS VALUES(138450549,'evowles2@booking.com','Eolanda Vowles','184-970-3334');

INSERT INTO USERS VALUES(158568256,'rkryzhov3@msn.com','Ruben Kryzhov','907-656-4272');

INSERT INTO USERS VALUES(154716359,'fgrichukhanov4@gizmodo.com','Fara Grichukhanov','728-434-5835');

INSERT INTO USERS VALUES(458586254,'ktewnion5@nyu.edu','Keslie Tewnion','880-238-9584');

INSERT INTO USERS VALUES(619124146,'eoxford6@economist.com','Elana Oxford','144-852-2991');

INSERT INTO USERS VALUES(312283584,'ctregenna7@altervista.org','Cody Tregenna','264-787-7472');

INSERT INTO USERS VALUES(327010764,'btidridge8@state.tx.us','Bradan Tidridge','528-750-0634');

INSERT INTO USERS VALUES(818107648,'hurlich9@nih.gov','Hoyt Urlich','787-656-8838');

INSERT INTO USERS VALUES(628117973,'dmcmearty0@biblegateway.com','Dougy McMearty','336-851-6783');

INSERT INTO USERS VALUES(185770662,'dmaclachlan1@dmoz.org','Dorothea MacLachlan','997-547-6207');

INSERT INTO USERS VALUES(865163632,'bboarer2@imgur.com','Benn Boarer','472-959-3845');

INSERT INTO USERS VALUES(107175183,'tvan3@exblog.jp','Torr Van der Hoeven','729-821-0204');

INSERT INTO USERS VALUES(134074809,'ckalinsky4@elegantthemes.com','Carey Kalinsky','349-761-2053');

INSERT INTO USERS VALUES(639704102,'mpaik5@nhs.uk','Marina Paik','687-450-3489');

INSERT INTO USERS VALUES(527174363,'bde6@google.it','Bruce De Roberto','948-692-5955');

INSERT INTO USERS VALUES(946018858,'ekemsley7@nyu.edu','Ed Kemsley','914-277-5357');

INSERT INTO USERS VALUES(659616573,'mdimitrov8@issuu.com','Masha Dimitrov','262-140-9043');

INSERT INTO USERS VALUES(938409024,'cchinn9@miibeian.gov.cn','Caro Chinn','401-741-3760');




INSERT INTO STUDENTS VALUES(425238065 , 'postgraduate');
INSERT INTO STUDENTS VALUES(368741353 , 'senior');
INSERT INTO STUDENTS VALUES(138450549 , 'senior');
INSERT INTO STUDENTS VALUES(158568256 , 'junior');
INSERT INTO STUDENTS VALUES(154716359 , 'freshman');
INSERT INTO STUDENTS VALUES(458586254 , 'freshman');
INSERT INTO STUDENTS VALUES(619124146 , 'postgraduate');
INSERT INTO STUDENTS VALUES(312283584 , 'sophomore');
INSERT INTO STUDENTS VALUES(327010764 , 'sophomore');
INSERT INTO STUDENTS VALUES(818107648 , 'freshman');



INSERT INTO LECTURERS VALUES(628117973);

INSERT INTO LECTURERS VALUES(185770662);

INSERT INTO LECTURERS VALUES(865163632);

INSERT INTO LECTURERS VALUES(107175183);

INSERT INTO LECTURERS VALUES(134074809);

INSERT INTO LECTURERS VALUES(639704102);

INSERT INTO LECTURERS VALUES(527174363);

INSERT INTO LECTURERS VALUES(946018858);

INSERT INTO LECTURERS VALUES(659616573);

INSERT INTO LECTURERS VALUES(938409024);




INSERT INTO READ VALUES (865163632, '45672144889016')
INSERT INTO READ VALUES(107175183,'45672144889016')
INSERT INTO READ VALUES(527174363,'39299330723160')
INSERT INTO READ VALUES(327010764,'78625448991467')
INSERT INTO READ VALUES(458586254,'27033637188491')
INSERT INTO READ VALUES(527174363,'78625448991467')
INSERT INTO READ VALUES(158568256, '22151469163433')
INSERT INTO READ VALUES(946018858,'39299330723160')




INSERT INTO ACCESS_PCS VALUES(425238065 , '240.80.54.165');
INSERT INTO ACCESS_PCS VALUES(368741353 , '57.68.50.28');
INSERT INTO ACCESS_PCS VALUES(938409024 , '60.196.74.39');
INSERT INTO ACCESS_PCS VALUES(946018858 , '99.227.226.54');
INSERT INTO ACCESS_PCS VALUES(639704102 , '135.134.99.131');
INSERT INTO ACCESS_PCS VALUES(158568256, '123.64.7.132');
INSERT INTO ACCESS_PCS VALUES(458586254 , '19.35.217.196');
INSERT INTO ACCESS_PCS VALUES(628117973 , '42.215.207.12');




INSERT INTO PCS VALUES ('240.80.54.165' , 'efreELSxHZGQ' , 508083 , 425238065) 
INSERT INTO PCS VALUES('57.68.50.28' , 'o1LstPxIpF' , 138781 , 368741353)
INSERT INTO PCS VALUES('60.196.74.39' , 'JwCJobCUyfty' , 886004  , 138450549) 
INSERT INTO PCS VALUES('99.227.226.54' , 'V64JyUJrMrst' , 595560 , 628117973)
INSERT INTO PCS VALUES('135.134.99.131' ,'FKKNUt9XCc' , 711235 , 185770662)
INSERT INTO PCS VALUES('123.64.7.132','bNpbjpZGA' ,654908 ,154716359)
INSERT INTO PCS VALUES('19.35.217.196' ,'8gJost' ,595560 , 865163632)
INSERT INTO PCS VALUES('42.215.207.12','px8rj7ewxKU' ,138781 ,458586254)





INSERT INTO LEC_COURSE VALUES(628117973,'Machine Learning');

INSERT INTO LEC_COURSE VALUES(628117973,'Cloud Computing');

INSERT INTO LEC_COURSE VALUES(185770662,'Calculus');

INSERT INTO LEC_COURSE VALUES(185770662,'Advanced Calculus');

INSERT INTO LEC_COURSE VALUES(865163632,'Numerical');

INSERT INTO LEC_COURSE VALUES(865163632,'Linear Algebra');

INSERT INTO LEC_COURSE VALUES(107175183,'Buisness');

INSERT INTO LEC_COURSE VALUES(107175183,'Economics');

INSERT INTO LEC_COURSE VALUES(107175183,'Probability');

INSERT INTO LEC_COURSE VALUES(134074809,'discrete');

INSERT INTO LEC_COURSE VALUES(134074809,'Numerical');

INSERT INTO LEC_COURSE VALUES(639704102,'Machine Learning');

INSERT INTO LEC_COURSE VALUES(639704102,'Cloud Computing');

INSERT INTO LEC_COURSE VALUES(527174363,'Buisness');

INSERT INTO LEC_COURSE VALUES(527174363,'Economics');





INSERT INTO BORROW VALUES(628117973,'45672144889016');

INSERT INTO BORROW VALUES(628117973,'39299330723160' );

INSERT INTO BORROW VALUES(185770662,'22151469163433');

INSERT INTO BORROW VALUES(185770662,'69237972651435');

INSERT INTO BORROW VALUES(865163632,'27033637188491' );

INSERT INTO BORROW VALUES(527174363,'78625448991467');

INSERT INTO BORROW VALUES(946018858,'85883651825070');

INSERT INTO BORROW VALUES(659616573,'80282193505592');

INSERT INTO BORROW VALUES(938409024,'89266014555061');

INSERT INTO BORROW VALUES(946018858,'88310165309943');
